<?xml version="1.0" encoding="utf-8"?>
<!DOCTYPE install PUBLIC "-//Joomla! 2.5//DTD template 1.0//EN" "https://www.joomla.org/xml/dtd/2.5/template-install.dtd">
<extension version="3.1" type="template" client="site">
	<name>spaceX</name>
	<version>1.0</version>
	<creationDate>05/10/2018</creationDate>
	<author>Stas</author>
	<authorEmail>skobelinstanislav@gmail.com</authorEmail>
	<copyright></copyright>
	<description>XML_DESCRIPTION</description>
	<files>
		<filename>offline.php</filename>
		<filename>favicon.ico</filename>
		<filename>index.php</filename>
		<filename>templateDetails.xml</filename>
		<filename>template_preview.png</filename>
		<filename>template_thumbnail.png</filename>
		<folder>css</folder>
		<folder>html</folder>
		<folder>images</folder>
		<folder>img</folder>
		<folder>js</folder>
		<folder>language</folder>
		<folder>less</folder>
	</files>
	<positions>
		<position>top-menu</position>
      	<position>start-button</position>
	</positions>
</extension>
